movie_id,title,uri,genre,recommendation
19995,Avatar,http://dbpedia.org/resource/Avatar_(2009_film),Action  Adventure Fantasy  Science Fiction,Superman Returns#Man of Steel#X-Men: Days of Future Past#Jupiter Ascending#The Wolverine
285,Pirates of the Caribbean: At World's End,http://dbpedia.org/resource/Pirates_of_the_Caribbean:_At_World%27s_End,Adventure Fantasy Action,Pirates of the Caribbean: Dead Man's Chest#Pirates of the Caribbean: The Curse of the Black Pearl
206647,Spectre,http://dbpedia.org/resource/Spectre_(2015_film),Action Adventure Crime,The Dark Knight Rises
49026,The Dark Knight Rises,http://dbpedia.org/resource/The_Dark_Knight_Rises,Action Adventure Crime,Spectre
49529,John Carter,http://dbpedia.org/resource/John_Carter_(film), Action Adventure Science Fiction,Avengers: Age of Ultron#The Avengers#Captain America: Civil War#Iron Man 3#Transformers: Revenge of the Fallen#Transformers: Age of Extinction#TRON: Legacy#Star Trek Into Darkness#Pacific Rim#Transformers: Dark of the Moon#Star Trek Beyond#Iron Man#Iron Man 2#Captain America: The Winter Soldier#Independence Day: Resurgence#Guardians of the Galaxy#X-Men: First Class#Transformers#Star Trek#Captain America: The First Avenger#The Incredible Hulk#Ant-Man#After Earth#Total Recall#Star Wars: Episode III - Revenge of the Sith#Star Wars: Episode II - Attack of the Clones#Star Wars: Episode I - The Phantom Menace#Ender's Game
559,Spider-Man 3,http://dbpedia.org/resource/Spider-Man_3,Fantasy Action Adventure,Spider-Man 2
38757,Tangled,http://dbpedia.org/resource/Tangled,Animation Family,Home on the Range
99861,Avengers: Age of Ultron,http://dbpedia.org/resource/Avengers:_Age_of_Ultron,Action Adventure Science Fiction,The Avengers
767,Harry Potter and the Half-Blood Prince,http://dbpedia.org/resource/Harry_Potter_and_the_Half-Blood_Prince_(film),Adventure Fantasy Family,The Chronicles of Narnia: Prince Caspian#Alice in Wonderland#Oz: The Great and Powerful#The Chronicles of Narnia: The Voyage of the Dawn Treader#Harry Potter and the Goblet of Fire#Pan#The BFG#Harry Potter and the Prisoner of Azkaban#Harry Potter and the Philosopher's Stone#Harry Potter and the Chamber of Secrets
209112,Batman v Superman: Dawn of Justice,http://dbpedia.org/resource/Batman_v_Superman:_Dawn_of_Justice,Action Adventure Fantasy,Pirates of the Caribbean: At World's End#Spider-Man 3#Pirates of the Caribbean: Dead Man's Chest#Pirates of the Caribbean: On Stranger Tides#The Hobbit: The Battle of the Five Armies#The Amazing Spider-Man#Spider-Man 2#The Amazing Spider-Man 2#The Mummy: Tomb of the Dragon Emperor#The Hobbit: An Unexpected Journey#Warcraft#Thor: The Dark World#Thor#Pirates of the Caribbean: The Curse of the Black Pearl#Clash of the Titans#The 13th Warrior#The Lord of the Rings: The Fellowship of the Ring
1452,Superman Returns,http://dbpedia.org/resource/Superman_Returns,Adventure Fantasy Action Science Fiction,X-Men: Days of Future Past
10764,Quantum of Solace,http://dbpedia.org/resource/Quantum_of_Solace,Adventure Action Thriller,Skyfall#Mission: Impossible - Rogue Nation#Mission: Impossible III#Die Another Day#The World Is Not Enough#Mission: Impossible II#Dante's Peak#Tomorrow Never Dies#Speed 2: Cruise Control#Casino Royale#The Expendables 2#Mission: Impossible - Ghost Protocol#Mission: Impossible (film)
58,Pirates of the Caribbean: Dead Man's Chest,http://dbpedia.org/resource/Pirates_of_the_Caribbean:_Dead_Man%27s_Chest,Adventure Fantasy Action,Pirates of the Caribbean: At World's End#Pirates of the Caribbean: The Curse of the Black Pearl
57201,The Lone Ranger,http://dbpedia.org/resource/The_Lone_Ranger_(2013_film),Action Adventure Western,Pirates of the Caribbean: At World's End#Pirates of the Caribbean: Dead Man's Chest#Rango#Pirates of the Caribbean: The Curse of the Black Pearl#The Hunger Games: Mockingjay - Part 1
49521,Man of Steel,http://dbpedia.org/resource/Man_of_Steel_(film),Action Adventure Fantasy Science Fiction,Avatar#Superman Returns#X-Men: Days of Future Past#Jupiter Ascending#The Wolverine
2454,The Chronicles of Narnia: Prince Caspian,http://dbpedia.org/resource/The_Chronicles_of_Narnia:_Prince_Caspian,Adventure Family Fantasy,Harry Potter and the Half-Blood Prince#Alice in Wonderland#Oz: The Great and Powerful#The Chronicles of Narnia: The Voyage of the Dawn Treader#Harry Potter and the Goblet of Fire#Pan#The BFG#Harry Potter and the Prisoner of Azkaban#Harry Potter and the Philosopher's Stone#Harry Potter and the Chamber of Secrets
24428,The Avengers,http://dbpedia.org/resource/The_Avengers_(2012_film),Science Fiction Action Adventure,Avengers: Age of Ultron
1865,Pirates of the Caribbean: On Stranger Tides,http://dbpedia.org/resource/Pirates_of_the_Caribbean:_On_Stranger_Tides,Adventure Action Fantasy,Pirates of the Caribbean: At World's End#Spider-Man 3#Batman v Superman: Dawn of Justice#Pirates of the Caribbean: Dead Man's Chest#The Hobbit: The Battle of the Five Armies#The Amazing Spider-Man#Spider-Man 2#The Amazing Spider-Man 2#The Mummy: Tomb of the Dragon Emperor#The Hobbit: An Unexpected Journey#Warcraft#Thor: The Dark World#Thor#Pirates of the Caribbean: The Curse of the Black Pearl#Clash of the Titans#The 13th Warrior#The Lord of the Rings: The Fellowship of the Ring
41154,Men in Black 3,http://dbpedia.org/resource/Men_in_Black_3,Action Comedy Science Fiction,Men in Black II
122917,The Hobbit: The Battle of the Five Armies,http://dbpedia.org/resource/The_Hobbit:_The_Battle_of_the_Five_Armies,Action Adventure Fantasy,The Hobbit: An Unexpected Journey#The Lord of the Rings: The Fellowship of the Ring
1930,The Amazing Spider-Man,http://dbpedia.org/resource/The_Amazing_Spider-Man_(2012_film),Action Adventure Fantasy,The Amazing Spider-Man 2
20662,Robin Hood,http://dbpedia.org/resource/Robin_Hood_(2018_film),Action Adventure,Waterworld
57158,The Hobbit: The Desolation of Smaug,http://dbpedia.org/resource/The_Hobbit:_The_Desolation_of_Smaug,Adventure Fantasy,The Golden Compass
2268,The Golden Compass,http://dbpedia.org/resource/The_Golden_Compass_(film),Adventure Fantasy,The Hobbit: The Desolation of Smaug
254,King Kong,http://dbpedia.org/resource/King_Kong_(2005_film),Adventure Drama Action,Exodus: Gods and Kings#Life of Pi#The Huntsman: Winter's War#Gladiator
597,Titanic,http://dbpedia.org/resource/Titanic_(1997_film),Drama Romance Thriller,Avatar#Terminator 2: Judgment Day#True Lies
271110,Captain America: Civil War,http://dbpedia.org/resource/Captain_America:_Civil_War,Adventure Action Science Fiction,Captain America: The Winter Soldier
44833,Battleship,http://dbpedia.org/resource/Battleship_(film),Thriller Action Adventure Science Fiction,Jurassic World#Green Lantern#G.I. Joe: The Rise of Cobrav#The Hunger Games: Mockingjay - Part 2#Terminator Genisys#X-Men Origins: Wolverine#The Matrix Revolutions#The Matrix Reloaded#Mad Max: Fury Road#Armageddon#G.I. Joe: Retaliation#The Hunger Games: Catching Fire#The Hunger Games: Mockingjay - Part 1##The Day After Tomorrow#The Island#Planet of the Apes
135397,Jurassic World,http://dbpedia.org/resource/Jurassic_World,Action Adventure Science Fiction Thriller,Battleship#Green Lantern#G.I. Joe: The Rise of Cobrav#The Hunger Games: Mockingjay - Part 2#Terminator Genisys#X-Men Origins: Wolverine#The Matrix Revolutions#The Matrix Reloaded#Mad Max: Fury Road#Armageddon#G.I. Joe: Retaliation#The Hunger Games: Catching Fire#The Hunger Games: Mockingjay - Part 1#X2#The Day After Tomorrow#The Island#Planet of the Apes
37724,Skyfall,http://dbpedia.org/resource/Skyfall,Action Adventure Thriller,Quantum of Solace#Mission: Impossible - Rogue Nation#Mission: Impossible III#Die Another Day#The World Is Not Enough#Mission: Impossible II#Dante's Peak#Tomorrow Never Dies#Speed 2: Cruise Control#Casino Royale#The Expendables 2#Mission: Impossible - Ghost Protocol#Mission: Impossible (film)
558,Spider-Man 2,http://dbpedia.org/resource/Spider-Man_2,Action Adventure Fantasy,Spider-Man 3
68721,Iron Man 3,http://dbpedia.org/resource/Iron_Man_3,Action Adventure Science Fiction,John Carter#Avengers: Age of Ultron#The Avengers#Captain America: Civil War#Transformers: Revenge of the Fallen#Transformers: Age of Extinction#TRON: Legacy#Star Trek Into Darkness#Pacific Rim#Transformers: Dark of the Moon#Star Trek Beyond#Iron Man#Iron Man 2#Captain America: The Winter Soldier#Independence Day: Resurgence#Guardians of the Galaxy#X-Men: First Class#Transformers#Star Trek#Captain America: The First Avenger#The Incredible Hulk#Ant-Man#After Earth#Total Recall#Star Wars: Episode III - Revenge of the Sith#Star Wars: Episode II - Attack of the Clones#Star Wars: Episode I - The Phantom Menace#Ender's Game
12155,Alice in Wonderland,http://dbpedia.org/resource/Alice_in_Wonderland_(2010_film),Family Fantasy Adventure,Harry Potter and the Half-Blood Prince#The Chronicles of Narnia: Prince Caspian#Oz: The Great and Powerful#The Chronicles of Narnia: The Voyage of the Dawn Treader#Harry Potter and the Goblet of Fire#Pan#The BFG#Harry Potter and the Prisoner of Azkaban#Harry Potter and the Philosopher's Stone#Harry Potter and the Chamber of Secrets
36668,X-Men: The Last Stand,http://dbpedia.org/resource/X-Men:_The_Last_Stand,Adventure Action Science Thriller,Rush Hour 3
62211,Monsters University,http://dbpedia.org/resource/Monsters_University,Animation Family,Tangled#WALLÃ‚Â·E#Madagascar: Escape 2 Africa#Kung Fu Panda 2#Madagascar 3: Europe's Most Wanted#Turbo#Dinosaur#Home on the Range
8373,Transformers: Revenge of the Fallen,http://dbpedia.org/resource/Transformers:_Revenge_of_the_Fallen,Science Fiction Action Adventure,Transformers: Age of Extinction#Transformers: Dark of the Moon#Transformers
91314,Transformers: Age of Extinction,http://dbpedia.org/resource/Transformers:_Age_of_Extinction,Science Fiction Action Adventure,Transformers: Revenge of the Fallen#Transformers: Dark of the Moon#Transformers
68728,Oz: The Great and Powerful,http://dbpedia.org/resource/Oz_the_Great_and_Powerful,Fantasy Adventure Family,Harry Potter and the Half-Blood Prince#The Chronicles of Narnia: Prince Caspian#Alice in Wonderland#The Chronicles of Narnia: The Voyage of the Dawn Treader#Harry Potter and the Goblet of Fire#Pan#The BFG#Harry Potter and the Prisoner of Azkaban#Harry Potter and the Philosopher's Stone#Harry Potter and the Chamber of Secrets
102382,The Amazing Spider-Man 2,http://dbpedia.org/resource/The_Amazing_Spider-Man_2,Action Adventure Fantasy,The Amazing Spider-Man
20526,TRON: Legacy,http://dbpedia.org/resource/Tron:_Legacy,Adventure Action Science Fiction,John Carter#Avengers: Age of Ultron#The Avengers#Captain America: Civil War#Iron Man 3#Transformers: Revenge of the Fallen#Transformers: Age of Extinction#Star Trek Into Darkness#Pacific Rim#Transformers: Dark of the Moon#Star Trek Beyond#Iron Man#Iron Man 2#Captain America: The Winter Soldier#Independence Day: Resurgence#Guardians of the Galaxy#X-Men: First Class#Transformers#Star Trek#Captain America: The First Avenger#The Incredible Hulk#Ant-Man#After Earth#Total Recall#Star Wars: Episode III - Revenge of the Sith#Star Wars: Episode II - Attack of the Clones#Star Wars: Episode I - The Phantom Menace#Ender's Game
49013,Cars 2,http://dbpedia.org/resource/Cars_2,Animation Family Adventure Comedy,Up#Wreck-It Ralph#Bolt#Bee Movie#Flushed Away#Penguins of Madagascar#Kung Fu Panda#Rio 2#Stuart Little 2
44912,Green Lantern,http://dbpedia.org/resource/Green_Lantern_(film),Adventure Action Thriller Science Fiction,Battleship#Jurassic World#G.I. Joe: The Rise of Cobrav#The Hunger Games: Mockingjay - Part 2#Terminator Genisys#X-Men Origins: Wolverine#The Matrix Revolutions#The Matrix Reloaded#Mad Max: Fury Road#Armageddon#G.I. Joe: Retaliation#The Hunger Games: Catching Fire#The Hunger Games: Mockingjay - Part 1#X2#The Day After Tomorrow#The Island#Planet of the Apes
10193,Toy Story 3,http://dbpedia.org/resource/Toy_Story_3,Animation Family Comedy,Happy Feet Two
534,Terminator Salvation,http://dbpedia.org/resource/Terminator_Salvation,Action Science Fiction Thriller,Terminator 3: Rise of the Machines#Terminator 2: Judgment Day
168259,Furious 7,http://dbpedia.org/resource/Furious_7,Action,Stealth
72190,World War Z,http://dbpedia.org/resource/World_War_Z_(film),Action Drama Horror Science Fiction Thriller,I Am Legend
127585,X-Men: Days of Future Past,http://dbpedia.org/resource/X-Men:_Days_of_Future_Past,Action Adventure Fantasy Science Fiction,Superman Returns
54138,Star Trek Into Darkness,http://dbpedia.org/resource/Star_Trek_Into_Darkness,Action Adventure Science Fiction,Star Trek
81005,Jack the Giant Slayer,http://dbpedia.org/resource/Jack_the_Giant_Slayer,Action Family Fantasy,Superman Returns#X-Men: Days of Future Past#X-Men: Apocalypse#X2
64682,The Great Gatsby,http://dbpedia.org/resource/The_Great_Gatsby_(2013_film),Drama Romance,Australia
9543,Prince of Persia: The Sands of Time,http://dbpedia.org/resource/Prince_of_Persia:_The_Sands_of_Time_(film),Adventure Fantasy Action Romance,Harry Potter and the Goblet of Fire
68726,Pacific Rim,http://dbpedia.org/resource/Pacific_Rim_(film),Action Science Fiction Adventure,John Carter#Avengers: Age of Ultron#The Avengers#Captain America: Civil War#Iron Man 3#Transformers: Revenge of the Fallen#Transformers: Age of Extinction#TRON: Legacy#Star Trek Into Darkness#Transformers: Dark of the Moon#Star Trek Beyond#Iron Man#Iron Man 2#Captain America: The Winter Soldier#Independence Day: Resurgence#Guardians of the Galaxy#X-Men: First Class#Transformers#Star Trek#Captain America: The First Avenger#The Incredible Hulk#Ant-Man#After Earth#Total Recall#Star Wars: Episode III - Revenge of the Sith#Star Wars: Episode II - Attack of the Clones#Star Wars: Episode I - The Phantom Menace#Ender's Game
38356,Transformers: Dark of the Moon,http://dbpedia.org/resource/Transformers:_Dark_of_the_Moon,Action Science Fiction Adventure,Transformers: Revenge of the Fallen#Transformers: Age of Extinction#Transformers
217,Indiana Jones and the Kingdom of the Crystal Skull,http://dbpedia.org/resource/Indiana_Jones_and_the_Kingdom_of_the_Crystal_Skull,Adventure Action,Robin Hood#The Legend of Tarzan#Waterworld
105864,The Good Dinosaur,http://dbpedia.org/resource/The_Good_Dinosaur,Adventure Animation Family,Frozen#Mars Needs Moms#Mr. Peabody & Sherman
62177,Brave,http://dbpedia.org/resource/Brave_(2012_film),Animation Adventure Comedy Family Action Fantasy,How to Train Your Dragon 2
188927,Star Trek Beyond,http://dbpedia.org/resource/Star_Trek_Beyond,Action Adventure Science Fiction,John Carter#Avengers: Age of Ultron#The Avengers#Captain America: Civil War#Iron Man 3#Transformers: Revenge of the Fallen#Transformers: Age of Extinction#TRON: Legacy#Star Trek Into Darkness#Pacific Rim#Transformers: Dark of the Moon#Iron Man#Iron Man 2#Captain America: The Winter Soldier#Independence Day: Resurgence#Guardians of the Galaxy#X-Men: First Class#Transformers#Star Trek#Captain America: The First Avenger#The Incredible Hulk#Ant-Man#After Earth#Total Recall#Star Wars: Episode III - Revenge of the Sith#Star Wars: Episode II - Attack of the Clones#Star Wars: Episode I - The Phantom Menace#Ender's Game
10681,WALL?‚?·E,http://dbpedia.org/resource/WALL-E,Animation Family,Tangled#Monsters University#Madagascar: Escape 2 Africa#Kung Fu Panda 2#Madagascar 3: Europe's Most Wanted#Turbo#Dinosaur#Home on the Range
5174,Rush Hour 3,http://dbpedia.org/resource/Rush_Hour_3,Action Comedy Crime Thriller,X-Men: The Last Stand
17979,A Christmas Carol,http://dbpedia.org/resource/A_Christmas_Carol_(2009_film),Animation Drama,The Polar Express#Beowulf
76757,Jupiter Ascending,http://dbpedia.org/resource/Jupiter_Ascending,Science Fiction Fantasy Action Adventure,Avatar#Superman Returns#Man of Steel#X-Men: Days of Future Past#The Wolverine
258489,The Legend of Tarzan,http://dbpedia.org/resource/The_Legend_of_Tarzan_(film),Action Adventure,Robin Hood#Indiana Jones and the Kingdom of the Crystal Skull#Waterworld
246655,X-Men: Apocalypse,http://dbpedia.org/resource/X-Men:_Apocalypse,Science Fiction,Superman Returns#X-Men: Days of Future Past#Jack the Giant Slayer#X2
155,The Dark Knight,http://dbpedia.org/resource/The_Dark_Knight_(film),Drama Action Crime Thriller,The Dark Knight Rises#Interstellar#Inception#Batman Begins
14160,Up,http://dbpedia.org/resource/Up_(2009_film),Animation Comedy Family Adventure,Cars 2#Wreck-It Ralph#Bolt#Bee Movie#Flushed Away#Penguins of Madagascar#Kung Fu Panda#Rio 2#Stuart Little 2
15512,Monsters vs Aliens,http://dbpedia.org/resource/Monsters_vs._Aliens,Animation Family Adventure Science Fiction,Madagascar 3: Europe's Most Wanted
1726,Iron Man,http://dbpedia.org/resource/Iron_Man_(2008_film),Action Science Fiction Adventure,Iron Man 2
44826,Hugo,http://dbpedia.org/resource/Hugo_(film),Adventure Drama Family,The Aviator#The Wolf of Wall Street
8487,Wild Wild West,http://dbpedia.org/resource/Wild_Wild_West,Action Adventure Comedy Science Fiction Western,Men in Black 3#Men in Black II
1735,The Mummy: Tomb of the Dragon Emperor,http://dbpedia.org/resource/The_Mummy:_Tomb_of_the_Dragon_Emperor,Adventure Action Fantasy,Pirates of the Caribbean: At World's End#Spider-Man 3#Batman v Superman: Dawn of Justice#Pirates of the Caribbean: Dead Man's Chest#Pirates of the Caribbean: On Stranger Tides#The Hobbit: The Battle of the Five Armies#The Amazing Spider-Man#Spider-Man 2#The Amazing Spider-Man 2#The Hobbit: An Unexpected Journey#Warcraft#Thor: The Dark World#Thor#Pirates of the Caribbean: The Curse of the Black Pearl#Clash of the Titans#The 13th Warrior#The Lord of the Rings: The Fellowship of the Ring
297761,Suicide Squad,http://dbpedia.org/resource/Suicide_Squad_(film),Action Adventure Crime Fantasy Science Fiction,The Amazing Spider-Man 2#Wreck-It Ralph#Penguins of Madagascar#Casino Royale
2698,Evan Almighty,http://dbpedia.org/resource/Evan_Almighty,Fantasy Comedy Family,How the Grinch Stole Christmas#The Cat in the Hat
137113,Edge of Tomorrow,http://dbpedia.org/resource/Edge_of_Tomorrow,Action Science Fiction,The Chronicles of Riddick#RoboCop
9804,Waterworld,http://dbpedia.org/resource/Waterworld,Adventure Action,Robin Hood#Indiana Jones and the Kingdom of the Crystal Skull#The Legend of Tarzan
14869,G.I. Joe: The Rise of Cobrav,http://dbpedia.org/resource/G.I._Joe:_The_Rise_of_Cobra,Adventure Action Thriller Science Fiction,Battleship#Jurassic World#Green Lantern#The Hunger Games: Mockingjay - Part 2#Terminator Genisys#X-Men Origins: Wolverine#The Matrix Revolutions#The Matrix Reloaded#Mad Max: Fury Road#Armageddon#G.I. Joe: Retaliation#The Hunger Games: Catching Fire#The Hunger Games: Mockingjay - Part 1#X2#The Day After Tomorrow#The Island#Planet of the Apes
150540,Inside Out,http://dbpedia.org/resource/Inside_Out_(2015_film),Drama Comedy Animation Family,Up
278927,The Jungle Book,http://dbpedia.org/resource/The_Jungle_Book_(2016_film),Family Adventure Drama Fantasy,Iron Man#Iron Man 2
10138,Iron Man 2,http://dbpedia.org/resource/Iron_Man_2,Adventure Action Science Fiction,Iron Man
58595,Snow White and the Huntsman,http://dbpedia.org/resource/Snow_White_and_the_Huntsman,Adventure Fantasy Drama,The Chronicles of Narnia: Prince Caspian#Wreck-It Ralph#The Perfect Storm#How Do You Know#The Aviator#Stuart Little
102651,Maleficent,http://dbpedia.org/resource/Maleficent_(film),Fantasy Adventure Action Family Romance,The Chronicles of Narnia: Prince Caspian#Mission: Impossible III#Stuart Little
119450,Dawn of the Planet of the Apes,http://dbpedia.org/resource/Dawn_of_the_Planet_of_the_Apes,Science Fiction Action Drama Thriller,Elysium
79698,The Lovers,http://dbpedia.org/resource/The_Lovers_(2017_film),Action Adventure Science Fiction Romance,The Chronicles of Narnia: Prince Caspian#Wreck-It Ralph#Mission: Impossible III#The Perfect Storm#Public Enemies
64686,47 Ronin,http://dbpedia.org/resource/47_Ronin_(2013_film),Drama Action Adventure Fantasy,The Amazing Spider-Man 2#Mission: Impossible III#Total Recall#Stuart Little
100402,Captain America: The Winter Soldier,http://dbpedia.org/resource/Captain_America:_The_Winter_Soldier,Action Adventure Science Fiction,Captain America: Civil War
10192,Shrek Forever After,http://dbpedia.org/resource/Shrek_Forever_After,Comedy Adventure Fantasy Animation Family,Shrek the Third#The Croods#The Smurfs#The Emperor's New Groove
158852,Tomorrowland,http://dbpedia.org/resource/Tomorrowland_(film),Adventure Family Mystery Science Fiction,Ratatouille
177572,Big Hero 6,http://dbpedia.org/resource/Big_Hero_6_(film),Adventure Family Animation Action Comedy,Kung Fu Panda 3
82690,Wreck-It Ralph,http://dbpedia.org/resource/Wreck-It_Ralph,Family Animation Comedy Adventure,Cars 2#Up#Bolt#Bee Movie#Flushed Away#Penguins of Madagascar#Kung Fu Panda#Rio 2#Stuart Little 2
5255,The Polar Express,http://dbpedia.org/resource/The_Polar_Express_(film),Adventure Animation Family Fantasy,How to Train Your Dragon#Epic
47933,Independence Day: Resurgence,http://dbpedia.org/resource/Independence_Day:_Resurgence,Action Adventure Science Fiction,John Carter#Avengers: Age of Ultron#The Avengers#Captain America: Civil War#Iron Man 3#Transformers: Revenge of the Fallen#Transformers: Age of Extinction#TRON: Legacy#Star Trek Into Darkness#Pacific Rim#Transformers: Dark of the Moon#Star Trek Beyond#Iron Man#Iron Man 2#Captain America: The Winter Soldier#Guardians of the Galaxy#X-Men: First Class#Transformers#Star Trek#Captain America: The First Avenger#The Incredible Hulk#Ant-Man#After Earth#Total Recall#Star Wars: Episode III - Revenge of the Sith#Star Wars: Episode II - Attack of the Clones#Star Wars: Episode I - The Phantom Menace#Ender's Game
10191,How to Train Your Dragon,http://dbpedia.org/resource/How_to_Train_Your_Dragon_(film),Fantasy Adventure Animation Family,The Polar Express#Epic
296,Terminator 3: Rise of the Machines,http://dbpedia.org/resource/Terminator_3:_Rise_of_the_Machines,Action Thriller Science Fiction,Terminator Salvation#Terminator 2: Judgment Day
118340,Guardians of the Galaxy,http://dbpedia.org/resource/Guardians_of_the_Galaxy_(film),Action Science Fiction Adventure,John Carter#Avengers: Age of Ultron#The Avengers#Captain America: Civil War#Iron Man 3#Transformers: Revenge of the Fallen#Transformers: Age of Extinction#TRON: Legacy#Star Trek Into Darkness#Pacific Rim#Transformers: Dark of the Moon#Star Trek Beyond#Iron Man#Iron Man 2#Captain America: The Winter Soldier#Independence Day: Resurgence#X-Men: First Class#Transformers#Star Trek#Captain America: The First Avenger#The Incredible Hulk#Ant-Man#After Earth#Total Recall#Star Wars: Episode III - Revenge of the Sith#Star Wars: Episode II - Attack of the Clones#Star Wars: Episode I - The Phantom Menace#Ender's Game
157336,Interstellar,http://dbpedia.org/resource/Interstellar_(film),Adventure Drama Science Fiction,The Martian
27205,Inception,http://dbpedia.org/resource/Inception,Action Thriller Science Fiction Mystery Adventure,The Dark Knight Rises#The Dark Knight#Interstellar#Batman Begins
315011,Shin Godzilla,http://dbpedia.org/resource/Shin_Godzilla,Action Adventure Drama Horror Science Fiction,Wreck-It Ralph#Mission: Impossible III#Penguins of Madagascar#The Perfect Storm
49051,The Hobbit: An Unexpected Journey,http://dbpedia.org/resource/The_Hobbit:_An_Unexpected_Journey,Adventure Fantasy Action,The Hobbit: The Battle of the Five Armies#The Lord of the Rings: The Fellowship of the Ring
9799,The Fast and the Furious,http://dbpedia.org/resource/The_Fast_and_the_Furious,Action Crime Thriller,Fast Five
4922,The Curious Case of Benjamin Button,http://dbpedia.org/resource/The_Curious_Case_of_Benjamin_Button_(film),Fantasy Drama Thriller Mystery Romance,Wreck-It Ralph#Mission: Impossible III#The Perfect Storm#How Do You Know
49538,X-Men: First Class,http://dbpedia.org/resource/X-Men:_First_Class,Action Science Fiction Adventure,John Carter#Avengers: Age of Ultron#The Avengers#Captain America: Civil War#Iron Man 3#Transformers: Revenge of the Fallen#Transformers: Age of Extinction#TRON: Legacy#Star Trek Into Darkness#Pacific Rim#Transformers: Dark of the Moon#Star Trek Beyond#Iron Man#Iron Man 2#Captain America: The Winter Soldier#Independence Day: Resurgence#Guardians of the Galaxy#Transformers#Star Trek#Captain America: The First Avenger#The Incredible Hulk#Ant-Man#After Earth#Total Recall#Star Wars: Episode III - Revenge of the Sith#Star Wars: Episode II - Attack of the Clones#Star Wars: Episode I - The Phantom Menace#Ender's Game
131634,The Hunger Games: Mockingjay - Part 2,http://dbpedia.org/page/The_Hunger_Games:_Mockingjay_%E2%80%93_Part_2,Action Adventure Science Fiction Thriller,The Hunger Games: Catching Fire#The Hunger Games: Mockingjay - Part 1
27022,The Sorcerer's Apprentice,http://dbpedia.org/resource/The_Sorcerer%27s_Apprentice_(2010_film),Fantasy Adventure Action Comedy Drama,National Treasure
503,Poseidon,http://dbpedia.org/resource/Poseidon_(film),Adventure Action Drama Thriller,Troy#The Perfect Storm
241259,Alice Through the Looking Glass,http://dbpedia.org/resource/Alice_Through_the_Looking_Glass_(2016_film),Fantasy,Gods of Egypt
810,Shrek the Third,http://dbpedia.org/resource/Shrek_the_Third,Fantasy Adventure Animation Comedy Family,Shrek Forever After#The Croods#The Smurfs#The Emperor's New Groove
68735,Warcraft,http://dbpedia.org/resource/Warcraft_(film),Action Adventure Fantasy,Pirates of the Caribbean: At World's End#Spider-Man 3#Batman v Superman: Dawn of Justice#Pirates of the Caribbean: Dead Man's Chest#Pirates of the Caribbean: On Stranger Tides#The Hobbit: The Battle of the Five Armies#The Amazing Spider-Man#Spider-Man 2#The Amazing Spider-Man 2#The Mummy: Tomb of the Dragon Emperor#The Hobbit: An Unexpected Journey#Thor: The Dark World#Thor#Pirates of the Caribbean: The Curse of the Black Pearl#Clash of the Titans#The 13th Warrior#The Lord of the Rings: The Fellowship of the Ring
87101,Terminator Genisys,http://dbpedia.org/resource/Terminator_Genisys,Science Fiction Action Thriller Adventure,Battleship#Jurassic World#Green Lantern#G.I. Joe: The Rise of Cobrav#The Hunger Games: Mockingjay - Part 2#X-Men Origins: Wolverine#The Matrix Revolutions#The Matrix Reloaded#Mad Max: Fury Road#Armageddon#G.I. Joe: Retaliation#The Hunger Games: Catching Fire#The Hunger Games: Mockingjay - Part 1#X2#The Day After Tomorrow#The Island#Planet of the Apes
10140,The Chronicles of Narnia: The Voyage of the Dawn Treader,http://dbpedia.org/resource/The_Chronicles_of_Narnia:_The_Voyage_of_the_Dawn_Treader,Adventure Family Fantasy,Harry Potter and the Half-Blood Prince#The Chronicles of Narnia: Prince Caspian#Alice in Wonderland#Oz: The Great and Powerful#Harry Potter and the Goblet of Fire#Pan#The BFG#Harry Potter and the Prisoner of Azkaban#Harry Potter and the Philosopher's Stone#Harry Potter and the Chamber of Secrets
676,Pearl Harbor,http://dbpedia.org/resource/Pearl_Harbor_(film),History Romance War,Transformers: Revenge of the Fallen#Transformers: Age of Extinction#Transformers: Dark of the Moon#Transformers#Armageddon#Bad Boys II
1858,Transformers,http://dbpedia.org/resource/Transformers_(film),Adventure Science Fiction Action,Transformers: Revenge of the Fallen#Transformers: Age of Extinction#Transformers: Dark of the Moon
1966,Alexander,http://dbpedia.org/resource/Alexander_(2004_film),War History Action Adventure Drama Romance,Wreck-It Ralph#White House Down#Total Recall#The Perfect Storm#Stuart Little
675,Harry Potter and the Order of the Phoenix,http://dbpedia.org/resource/Harry_Potter_and_the_Order_of_the_Phoenix_(film),Adventure Fantasy Family Mystery,Harry Potter and the Half-Blood Prince#The Legend of Tarzan
674,Harry Potter and the Goblet of Fire,http://dbpedia.org/resource/Harry_Potter_and_the_Goblet_of_Fire_(film),Adventure Fantasy Family,Harry Potter and the Half-Blood Prince#The Chronicles of Narnia: Prince Caspian#Alice in Wonderland#Oz: The Great and Powerful#The Chronicles of Narnia: The Voyage of the Dawn Treader#Pan#The BFG#Harry Potter and the Philosopher's Stone#Harry Potter and the Chamber of Secrets
8960,Hancock,http://dbpedia.org/resource/Hancock_(film),Fantasy Action,Spider-Man
6479,I Am Legend,http://dbpedia.org/resource/I_Am_Legend_(film),Drama Horror Action Thriller Science Fiction,World War Z
118,Charlie and the Chocolate Factory,http://dbpedia.org/resource/Charlie_and_the_Chocolate_Factory_(film),Adventure Comedy Family Fantasy,Night at the Museum: Secret of the Tomb#Asterix at the Olympic Games
2062,Ratatouille,http://dbpedia.org/resource/Ratatouille_(film),Animation Comedy Family Fantasy,The Smurfs 2#Stuart Little
272,Batman Begins,http://dbpedia.org/resource/Batman_Begins,Action Crime Drama,The Dark Knight Rises#The Dark Knight#Interstellar#Inception
10527,Madagascar: Escape 2 Africa,http://dbpedia.org/resource/Madagascar:_Escape_2_Africa,Family Animation,Tangled#Monsters University#WALLÃ‚Â·E#Kung Fu Panda 2#Madagascar 3: Europe's Most Wanted#Turbo#Dinosaur#Home on the Range
18360,Night at the Museum: Battle of the Smithsonian,http://dbpedia.org/resource/Night_at_the_Museum:_Battle_of_the_Smithsonian,Adventure Fantasy Action Comedy Family,Night at the Museum
2080,X-Men Origins: Wolverine,http://dbpedia.org/resource/X-Men_Origins:_Wolverine,Adventure Action Thriller Science Fiction,Battleship#Jurassic World#Green Lantern#G.I. Joe: The Rise of Cobrav#The Hunger Games: Mockingjay - Part 2#Terminator Genisys#The Matrix Revolutions#The Matrix Reloaded#Mad Max: Fury Road#Armageddon#G.I. Joe: Retaliation#The Hunger Games: Catching Fire#The Hunger Games: Mockingjay - Part 1#X2#The Day After Tomorrow#The Island#Planet of the Apes
605,The Matrix Revolutions,http://dbpedia.org/resource/The_Matrix_Revolutions,Adventure Action Thriller Science Fiction,The Matrix Reloaded
109445,Frozen,http://dbpedia.org/resource/Frozen_(2013_film),Animation Adventure Family,The Good Dinosaur#Mars Needs Moms#Mr. Peabody & Sherman
604,The Matrix Reloaded,http://dbpedia.org/resource/The_Matrix_Reloaded,Adventure Action Thriller Science Fiction,The Matrix Revolutions
76338,Thor: The Dark World,http://dbpedia.org/resource/Thor:_The_Dark_World,Action Adventure Fantasy,Pirates of the Caribbean: At World's End#Spider-Man 3#Batman v Superman: Dawn of Justice#Pirates of the Caribbean: Dead Man's Chest#Pirates of the Caribbean: On Stranger Tides#The Hobbit: The Battle of the Five Armies#The Amazing Spider-Man#Spider-Man 2#The Amazing Spider-Man 2#The Mummy: Tomb of the Dragon Emperor#The Hobbit: An Unexpected Journey#Warcraft#Thor#Pirates of the Caribbean: The Curse of the Black Pearl#Clash of the Titans#The 13th Warrior#The Lord of the Rings: The Fellowship of the Ring
76341,Mad Max: Fury Road,http://dbpedia.org/resource/Mad_Max:_Fury_Road,Action Adventure Science Fiction Thriller,Battleship#Jurassic World#Green Lantern#G.I. Joe: The Rise of Cobrav#The Hunger Games: Mockingjay - Part 2#Terminator Genisys#X-Men Origins: Wolverine#The Matrix Revolutions#The Matrix Reloaded#Armageddon#G.I. Joe: Retaliation#The Hunger Games: Catching Fire#The Hunger Games: Mockingjay - Part 1#X2#The Day After Tomorrow#The Island#Planet of the Apes
13448,Angels & Demons,http://dbpedia.org/resource/Angels_%26_Demons_(film),Thriller Mystery,The Da Vinci Code
10195,Thor,http://dbpedia.org/resource/Thor_(film),Adventure Fantasy Action,Pirates of the Caribbean: At World's End#Spider-Man 3#Batman v Superman: Dawn of Justice#Pirates of the Caribbean: Dead Man's Chest#Pirates of the Caribbean: On Stranger Tides#The Hobbit: The Battle of the Five Armies#The Amazing Spider-Man#Spider-Man 2#The Amazing Spider-Man 2#The Mummy: Tomb of the Dragon Emperor#The Hobbit: An Unexpected Journey#Warcraft#Thor: The Dark World#Pirates of the Caribbean: The Curse of the Black Pearl#Clash of the Titans#The 13th Warrior#The Lord of the Rings: The Fellowship of the Ring
13053,Bolt,http://dbpedia.org/resource/Bolt_(2008_film),Animation Family Adventure Comedy,Cars 2#Up#Wreck-It Ralph#Bee Movie#Flushed Away#Penguins of Madagascar#Kung Fu Panda#Rio 2#Stuart Little 2
19585,G-Force,http://dbpedia.org/resource/G-Force_(film),Fantasy Action Adventure Family Comedy,Night at the Museum: Battle of the Smithsonian#Night at the Museum
57165,Wrath of the Titans,http://dbpedia.org/resource/Wrath_of_the_Titans,Adventure,Master and Commander: The Far Side of the World
62213,Dark Shadows,http://dbpedia.org/resource/Dark_Shadows_(film),Comedy Fantasy,Alice in Wonderland#Charlie and the Chocolate Factory#Planet of the Apes
177677,Mission: Impossible - Rogue Nation,http://dbpedia.org/resource/Mission:_Impossible_-_Rogue_Nation,Action Adventure Thriller,Mission: Impossible (film)
7978,The Wolfman,http://dbpedia.org/resource/The_Wolfman_(2010_film),Drama Horror Thriller,Captain America: The First Avenger
5559,Bee Movie,http://dbpedia.org/resource/Bee_Movie,Family Animation Adventure Comedy,Penguins of Madagascar
49444,Kung Fu Panda 2,http://dbpedia.org/resource/Kung_Fu_Panda_2,Animation Family,Tangled#Monsters University#WALLÃ‚Â·E#Madagascar: Escape 2 Africa#Madagascar 3: Europe's Most Wanted#Turbo#Dinosaur#Home on the Range
10196,The Last Airbender,http://dbpedia.org/resource/The_Last_Airbender,Action Adventure Family Fantasy,Eragon
956,Mission: Impossible III,http://dbpedia.org/resource/Mission:_Impossible_III,Adventure Action Thriller,Quantum of Solace#Skyfall#Mission: Impossible - Rogue Nation#Die Another Day#The World Is Not Enough#Mission: Impossible II#Dante's Peak#Tomorrow Never Dies#Speed 2: Cruise Control#Casino Royale#The Expendables 2#Mission: Impossible - Ghost Protocol#Mission: Impossible (film)
117251,White House Down,http://dbpedia.org/resource/White_House_Down,Action Drama Thriller,San Andreas#Blood Diamond
50321,Mars Needs Moms,http://dbpedia.org/resource/Mars_Needs_Moms,Adventure Animation Family,The Good Dinosaur#Frozen#Mr. Peabody & Sherman
11619,Flushed Away,http://dbpedia.org/resource/Flushed_Away,Adventure Animation Comedy Family,Cars 2#Up#Wreck-It Ralph#Bolt#Bee Movie#Penguins of Madagascar#Kung Fu Panda#Rio 2#Stuart Little 2
266647,Pan,http://dbpedia.org/resource/Pan_(2015_film),Adventure Family Fantasy,Harry Potter and the Half-Blood Prince#The Chronicles of Narnia: Prince Caspian#Alice in Wonderland#Oz: The Great and Powerful#The Chronicles of Narnia: The Voyage of the Dawn Treader#Harry Potter and the Goblet of Fire#The BFG#Harry Potter and the Prisoner of Azkaban#Harry Potter and the Philosopher's Stone#Harry Potter and the Chamber of Secrets
82703,Mr. Peabody & Sherman,http://dbpedia.org/resource/Mr._Peabody_%26_Sherman,Animation Adventure Family,The Good Dinosaur#Frozen#Mars Needs Moms
652,Troy,http://dbpedia.org/resource/Troy_(film),Adventure Drama War,Poseidon#The Perfect Storm
80321,Madagascar 3: Europe's Most Wanted,http://dbpedia.org/resource/Madagascar_3:_Europe%27s_Most_Wanted,Animation Family,Tangled#Monsters University#WALLÃ‚Â·E#Madagascar: Escape 2 Africa#Kung Fu Panda 2#Turbo#Dinosaur#Home on the Range
36669,Die Another Day,http://dbpedia.org/resource/Die_Another_Day,Adventure Action Thriller,Quantum of Solace#Skyfall#Mission: Impossible - Rogue Nation#Mission: Impossible III#The World Is Not Enough#Mission: Impossible II#Dante's Peak#Tomorrow Never Dies#Speed 2: Cruise Control#Casino Royale#The Expendables 2#Mission: Impossible - Ghost Protocol#Mission: Impossible (film)
43074,Ghostbusters,http://dbpedia.org/resource/Ghostbusters,Action Fantasy Comedy,Mr. Peabody & Sherman#Penguins of Madagascar#How Do You Know#The Aviator#Stuart Little
95,Armageddon,http://dbpedia.org/resource/Armageddon_(1998_film),Action Thriller Science Fiction Adventure,Battleship#Jurassic World#Green Lantern#G.I. Joe: The Rise of Cobrav#The Hunger Games: Mockingjay - Part 2#Terminator Genisys#X-Men Origins: Wolverine#The Matrix Revolutions#The Matrix Reloaded#Mad Max: Fury Road#G.I. Joe: Retaliation#The Hunger Games: Catching Fire#The Hunger Games: Mockingjay - Part 1#X2#The Day After Tomorrow#The Island#Planet of the Apes
608,Men in Black II,http://dbpedia.org/resource/Men_in_Black_II,Action Comedy Science Fiction,Men in Black 3
2310,Beowulf,http://dbpedia.org/resource/Beowulf_(2007_film),Adventure Action Animation,A Christmas Carol#The Polar Express
140300,Kung Fu Panda 3,http://dbpedia.org/resource/Kung_Fu_Panda_3,Action Adventure Animation Comedy Family,Big Hero 6
81188,Rise of the Guardians,http://dbpedia.org/resource/Rise_of_the_Guardians,Fantasy Animation Family,Mission: Impossible III#Total Recall#Stuart Little
7552,Fun with Dick and Jane,http://dbpedia.org/resource/Fun_with_Dick_and_Jane_(2005_film),Comedy,Gulliver's Travels
616,The Last Samurai,http://dbpedia.org/resource/The_Last_Samurai,Drama Action War History,Windtalkers#The Patriot
147441,Exodus: Gods and Kings,http://dbpedia.org/resource/Exodus:_Gods_and_Kings,Adventure Drama Action,Gladiator
13475,Star Trek,http://dbpedia.org/resource/Star_Trek_(film),Science Fiction Action Adventure,Star Trek Into Darkness
557,Spider-Man,http://dbpedia.org/resource/Spider-Man_(2002_film),Fantasy Action,Hancock
82702,How to Train Your Dragon 2,http://dbpedia.org/resource/How_to_Train_Your_Dragon_2,Fantasy Action Adventure Animation Comedy Family,Brave
205584,Gods of Egypt,http://dbpedia.org/resource/Gods_of_Egypt_(film),Fantasy,Alice Through the Looking Glass
10048,Stealth,http://dbpedia.org/resource/Stealth_(film),Action,Furious 7
13183,Watchmen,http://dbpedia.org/resource/Watchmen_(film),Action Mystery Science Fiction,Batman v Superman: Dawn of Justice#Man of Steel
944,Lethal Weapon 4,http://dbpedia.org/resource/Lethal_Weapon_4,Action Adventure Comedy Crime Thriller,Bad Boys II#Ocean's Twelve
1927,Hulk,http://dbpedia.org/resource/Hulk_(film),Drama Action Science Fiction,Real Steel
72559,G.I. Joe: Retaliation,http://dbpedia.org/resource/G.I._Joe:_Retaliation,Adventure Action Science Fiction Thriller,Battleship#Jurassic World#Green Lantern#G.I. Joe: The Rise of Cobrav#The Hunger Games: Mockingjay - Part 2#Terminator Genisys#X-Men Origins: Wolverine#The Matrix Revolutions#The Matrix Reloaded#Mad Max: Fury Road#Armageddon#The Hunger Games: Catching Fire#The Hunger Games: Mockingjay - Part 1#X2#The Day After Tomorrow#The Island#Planet of the Apes
7364,Sahara,http://dbpedia.org/resource/Sahara_(2005_film),Action Adventure Comedy Drama Mystery,The Amazing Spider-Man 2#Wreck-It Ralph#Mission: Impossible III#Penguins of Madagascar#How Do You Know#The Aviator#Stuart Little
2114,Final Fantasy: The Spirits Within,http://dbpedia.org/resource/Final_Fantasy:_The_Spirits_Within,Adventure Action Animation Fantasy Science Fiction Thriller,Mission: Impossible (film)
1771,Captain America: The First Avenger,http://dbpedia.org/resource/Captain_America:_The_First_Avenger,Action Adventure Science Fiction,John Carter#Avengers: Age of Ultron#The Avengers#Captain America: Civil War#Iron Man 3#Transformers: Revenge of the Fallen#Transformers: Age of Extinction#TRON: Legacy#Star Trek Into Darkness#Pacific Rim#Transformers: Dark of the Moon#Star Trek Beyond#Iron Man#Iron Man 2#Captain America: The Winter Soldier#Independence Day: Resurgence#Guardians of the Galaxy#X-Men: First Class#Transformers#Star Trek#The Incredible Hulk#Ant-Man#After Earth#Total Recall#Star Wars: Episode III - Revenge of the Sith#Star Wars: Episode II - Attack of the Clones#Star Wars: Episode I - The Phantom Menace#Ender's Game
36643,The World Is Not Enough,http://dbpedia.org/resource/The_World_Is_Not_Enough,Adventure Action Thriller,Quantum of Solace#Skyfall#Mission: Impossible - Rogue Nation#Mission: Impossible III#Die Another Day#Mission: Impossible II#Dante's Peak#Tomorrow Never Dies#Speed 2: Cruise Control#Casino Royale#The Expendables 2#Mission: Impossible - Ghost Protocol#Mission: Impossible (film)
8619,Master and Commander: The Far Side of the World,http://dbpedia.org/resource/Master_and_Commander:_The_Far_Side_of_the_World,Adventure,Wrath of the Titans
50620,The Twilight Saga: Breaking Dawn - Part 2,http://dbpedia.org/resource/The_Twilight_Saga:_Breaking_Dawn_-_Part_2,Adventure Fantasy Drama Romance,Mission: Impossible (film)
65759,Happy Feet Two,http://dbpedia.org/resource/Happy_Feet_Two,Animation Comedy Family,Toy Story 3
1724,The Incredible Hulk,http://dbpedia.org/resource/The_Incredible_Hulk_(film),Science Fiction Action Adventure,John Carter#Avengers: Age of Ultron#The Avengers#Captain America: Civil War#Iron Man 3#Transformers: Revenge of the Fallen#Transformers: Age of Extinction#TRON: Legacy#Star Trek Into Darkness#Pacific Rim#Transformers: Dark of the Moon#Star Trek Beyond#Iron Man#Iron Man 2#Captain America: The Winter Soldier#Independence Day: Resurgence#Guardians of the Galaxy#X-Men: First Class#Transformers#Star Trek#Captain America: The First Avenger#Ant-Man#After Earth#Total Recall#Star Wars: Episode III - Revenge of the Sith#Star Wars: Episode II - Attack of the Clones#Star Wars: Episode I - The Phantom Menace#Ender's Game
267935,The BFG,http://dbpedia.org/resource/The_BFG_(2016_film),Adventure Family Fantasy,Harry Potter and the Half-Blood Prince#The Chronicles of Narnia: Prince Caspian#Alice in Wonderland#Oz: The Great and Powerful#The Chronicles of Narnia: The Voyage of the Dawn Treader#Harry Potter and the Goblet of Fire#Pan#Harry Potter and the Prisoner of Azkaban#Harry Potter and the Philosopher's Stone#Harry Potter and the Chamber of Secrets
281957,The Revenant,http://dbpedia.org/resource/The_Revenant_(2015_film),Drama Adventure Thriller Western,The Chronicles of Narnia: Prince Caspian#The Amazing Spider-Man 2#Penguins of Madagascar#Stuart Little
77950,Turbo,http://dbpedia.org/resource/Turbo_(film),Animation Family,Tangled#Monsters University#WALLÃ‚Â·E#Madagascar: Escape 2 Africa#Kung Fu Panda 2#Madagascar 3: Europe's Most Wanted#Dinosaur#Home on the Range
44896,Rango,http://dbpedia.org/resource/Rango_(2011_film),Animation Comedy Family Western Adventure,Pirates of the Caribbean: At World's End#Pirates of the Caribbean: Dead Man's Chest#The Lone Ranger#Pirates of the Caribbean: The Curse of the Black Pearl#The Hunger Games: Mockingjay - Part 1
270946,Penguins of Madagascar,http://dbpedia.org/resource/Penguins_of_Madagascar,Family Animation Adventure Comedy,Bee Movie
2503,The Bourne Ultimatum,http://dbpedia.org/resource/The_Bourne_Ultimatum_(film),Action Drama Mystery Thriller,Eraser
9502,Kung Fu Panda,http://dbpedia.org/resource/Kung_Fu_Panda,Adventure Animation Family Comedy,Cars 2#Up#Wreck-It Ralph#Bolt#Bee Movie#Flushed Away#Penguins of Madagascar#Rio 2#Stuart Little 2
102899,Ant-Man,http://dbpedia.org/resource/Ant-Man_(film),Science Fiction Action Adventure,John Carter#Avengers: Age of Ultron#The Avengers#Captain America: Civil War#Iron Man 3#Transformers: Revenge of the Fallen#Transformers: Age of Extinction#TRON: Legacy#Star Trek Into Darkness#Pacific Rim#Transformers: Dark of the Moon#Star Trek Beyond#Iron Man#Iron Man 2#Captain America: The Winter Soldier#Independence Day: Resurgence#Guardians of the Galaxy#X-Men: First Class#Transformers#Star Trek#Captain America: The First Avenger#The Incredible Hulk#After Earth#Total Recall#Star Wars: Episode III - Revenge of the Sith#Star Wars: Episode II - Attack of the Clones#Star Wars: Episode I - The Phantom Menace#Ender's Game
101299,The Hunger Games: Catching Fire,http://dbpedia.org/resource/The_Hunger_Games:_Catching_Fire,Action Adventure Science Fiction Thriller,The Hunger Games: Mockingjay - Part 2
228161,Home,http://dbpedia.org/resource/Home_(2015_film),Fantasy Comedy Animation Science Fiction Family,The Chronicles of Narnia: Prince Caspian#Wreck-It Ralph#Total Recall#The Perfect Storm#How Do You Know#Casino Royale
74,War of the Worlds,http://dbpedia.org/resource/War_of_the_Worlds_(2005_film),Adventure Thriller Science Fiction,Insurgent#Allegiant
8961,Bad Boys II,http://dbpedia.org/resource/Bad_Boys_II,Adventure Action Comedy Thriller Crime,Lethal Weapon 4#Ocean's Twelve
417859,Puss in Boots,http://dbpedia.org/resource/Puss_in_Boots_(2011_film),Action Adventure Animation Family Fantasy,Shrek the Third
27576,Salt,http://dbpedia.org/resource/Salt_(2010_film),Action Mystery Thriller,The Chronicles of Narnia: Prince Caspian#The Amazing Spider-Man 2#Wreck-It Ralph#Penguins of Madagascar#The Perfect Storm#Stuart Little
86834,Noah,http://dbpedia.org/resource/Noah_(2014_film),Drama Adventure,Total Recall#How Do You Know#Casino Royale
673,Harry Potter and the Prisoner of Azkaban,http://dbpedia.org/resource/Harry_Potter_and_the_Prisoner_of_Azkaban_(film),Adventure Fantasy Family,Harry Potter and the Half-Blood Prince#The Chronicles of Narnia: Prince Caspian#Alice in Wonderland#Oz: The Great and Powerful#The Chronicles of Narnia: The Voyage of the Dawn Treader#Harry Potter and the Goblet of Fire#Pan#The BFG#Harry Potter and the Philosopher's Stone#Harry Potter and the Chamber of Secrets
6972,Australia,http://dbpedia.org/resource/Australia_(2008_film),Drama,The Perfect Storm#The Aviator#Ali
82700,After Earth,http://dbpedia.org/resource/After_Earth,Science Fiction Action Adventure,John Carter#Avengers: Age of Ultron#The Avengers#Captain America: Civil War#Iron Man 3#Transformers: Revenge of the Fallen#Transformers: Age of Extinction#TRON: Legacy#Star Trek Into Darkness#Pacific Rim#Transformers: Dark of the Moon#Star Trek Beyond#Iron Man#Iron Man 2#Captain America: The Winter Soldier#Independence Day: Resurgence#Guardians of the Galaxy#X-Men: First Class#Transformers#Star Trek#Captain America: The First Avenger#The Incredible Hulk#Ant-Man#Total Recall#Star Wars: Episode III - Revenge of the Sith#Star Wars: Episode II - Attack of the Clones#Star Wars: Episode I - The Phantom Menace#Ender's Game
10567,Dinosaur,http://dbpedia.org/resource/Dinosaur_(film),Animation Family,Tangled#Monsters University#WALLÃ‚Â·E#Madagascar: Escape 2 Africa#Kung Fu Panda 2#Madagascar 3: Europe's Most Wanted#Turbo#Home on the Range
181533,Night at the Museum: Secret of the Tomb,http://dbpedia.org/resource/Night_at_the_Museum:_Secret_of_the_Tomb,Adventure Comedy Fantasy Family,Charlie and the Chocolate Factory#Asterix at the Olympic Games
38055,Megamind,http://dbpedia.org/resource/Megamind,Animation Action Comedy Family Science Fiction,Madagascar: Escape 2 Africa
671,Harry Potter and the Philosopher's Stone,http://dbpedia.org/resource/Harry_Potter_and_the_Philosopher%27s_Stone_(film),Adventure Fantasy Family,Harry Potter and the Half-Blood Prince#The Chronicles of Narnia: Prince Caspian#Alice in Wonderland#Oz: The Great and Powerful#The Chronicles of Narnia: The Voyage of the Dawn Treader#Pan#The BFG#Harry Potter and the Prisoner of Azkaban#Harry Potter and the Chamber of Secrets
49524,R.I.P.D.,http://dbpedia.org/resource/R.I.P.D.,Fantasy Action Comedy Crime,Insurgent#Allegiant
22,Pirates of the Caribbean: The Curse of the Black Pearl,http://dbpedia.org/resource/Pirates_of_the_Caribbean:_The_Curse_of_the_Black_Pearl,Adventure Fantasy Action,Pirates of the Caribbean: At World's End#Pirates of the Caribbean: Dead Man's Chest
131631,The Hunger Games: Mockingjay - Part 1,http://dbpedia.org/resource/The_Hunger_Games:_Mockingjay_-_Part_1,Action Adventure Science Fiction Thriller,Planet of the Apes
591,The Da Vinci Code,http://dbpedia.org/resource/The_Da_Vinci_Code_(film),Thriller Mystery,Angels & Demons
172385,Rio 2,http://dbpedia.org/resource/Rio_2,Animation Adventure Comedy Family,Cars 2#Up#Wreck-It Ralph#Bolt#Bee Movie#Flushed Away#Penguins of Madagascar#Kung Fu Panda#Stuart Little 2
36658,X2,http://dbpedia.org/resource/X2_(film),Adventure Action Science Fiction Thriller,Battleship#Jurassic World#Green Lantern#G.I. Joe: The Rise of Cobrav#The Hunger Games: Mockingjay - Part 2#Terminator Genisys#X-Men Origins: Wolverine#The Matrix Revolutions#The Matrix Reloaded#Mad Max: Fury Road#Armageddon#G.I. Joe: Retaliation#The Hunger Games: Catching Fire#The Hunger Games: Mockingjay - Part 1#The Day After Tomorrow#The Island#Planet of the Apes
51497,Fast Five,http://dbpedia.org/resource/Fast_Five,Action Thriller Crime,The Fast and the Furious#Gone in Sixty Seconds
58574,Sherlock Holmes: A Game of Shadows,http://dbpedia.org/resource/Sherlock_Holmes:_A_Game_of_Shadows,Adventure Action Crime Mystery,The Amazing Spider-Man 2#Mission: Impossible III#Penguins of Madagascar#Total Recall#The Aviator#Stuart Little
18823,Clash of the Titans,http://dbpedia.org/resource/Clash_of_the_Titans_(2010_film),Adventure Fantasy Action,Pirates of the Caribbean: At World's End#Spider-Man 3#Batman v Superman: Dawn of Justice#Pirates of the Caribbean: Dead Man's Chest#Pirates of the Caribbean: On Stranger Tides#The Hobbit: The Battle of the Five Armies#The Amazing Spider-Man#Spider-Man 2#The Amazing Spider-Man 2#The Mummy: Tomb of the Dragon Emperor#The Hobbit: An Unexpected Journey#Warcraft#Thor: The Dark World#Thor#Pirates of the Caribbean: The Curse of the Black Pearl#The 13th Warrior#The Lord of the Rings: The Fellowship of the Ring
861,Total Recall,http://dbpedia.org/resource/Total_Recall_(2012_film),Action Adventure Science Fiction,John Carter#Avengers: Age of Ultron#The Avengers#Captain America: Civil War#Iron Man 3#Transformers: Revenge of the Fallen#Transformers: Age of Extinction#TRON: Legacy#Star Trek Into Darkness#Pacific Rim#Transformers: Dark of the Moon#Star Trek Beyond#Iron Man#Iron Man 2#Captain America: The Winter Soldier#Independence Day: Resurgence#Guardians of the Galaxy#X-Men: First Class#Transformers#Star Trek#Captain America: The First Avenger#The Incredible Hulk#Ant-Man#After Earth#Star Wars: Episode III - Revenge of the Sith#Star Wars: Episode II - Attack of the Clones#Star Wars: Episode I - The Phantom Menace#Ender's Game
1911,The 13th Warrior,http://dbpedia.org/resource/The_13th_Warrior,Adventure Fantasy Action,Pirates of the Caribbean: At World's End#Spider-Man 3#Batman v Superman: Dawn of Justice#Pirates of the Caribbean: Dead Man's Chest#Pirates of the Caribbean: On Stranger Tides#The Hobbit: The Battle of the Five Armies#The Amazing Spider-Man#Spider-Man 2#The Amazing Spider-Man 2#The Mummy: Tomb of the Dragon Emperor#The Hobbit: An Unexpected Journey#Warcraft#Thor: The Dark World#Thor#Pirates of the Caribbean: The Curse of the Black Pearl#Clash of the Titans#The Lord of the Rings: The Fellowship of the Ring
49040,The Bourne Legacy,http://dbpedia.org/resource/The_Bourne_Legacy_(film),Action Thriller,Jason Bourne#Live Free or Die Hard#True Lies
415,Batman & Robin,http://dbpedia.org/resource/Batman_%26_Robin_(film),Action Crime Fantasy,Batman Forever
8871,How the Grinch Stole Christmas,http://dbpedia.org/resource/How_the_Grinch_Stole_Christmas_(2000_film),Family Comedy Fantasy,The Cat in the Hat
435,The Day After Tomorrow,http://dbpedia.org/resource/The_Day_After_Tomorrow,Action Adventure Science Fiction Thriller,Battleship#Jurassic World#Green Lantern#G.I. Joe: The Rise of Cobrav#The Hunger Games: Mockingjay - Part 2#Terminator Genisys#X-Men Origins: Wolverine#The Matrix Revolutions#The Matrix Reloaded#Mad Max: Fury Road#Armageddon#G.I. Joe: Retaliation#The Hunger Games: Catching Fire#The Hunger Games: Mockingjay - Part 1#X2#The Island#Planet of the Apes
955,Mission: Impossible II,http://dbpedia.org/resource/Mission:_Impossible_2,Adventure Action Thriller,Mission: Impossible (film)
2133,The Perfect Storm,http://dbpedia.org/resource/The_Perfect_Storm_(film),Drama,Australia#The Aviator#Ali
1979,Fantastic 4: Rise of the Silver Surfer,http://dbpedia.org/resource/Fantastic_Four:_Rise_of_the_Silver_Surfer,Adventure Fantasy Action Thriller,Fantastic Four
87827,Life of Pi,http://dbpedia.org/resource/Life_of_Pi_(film),Adventure Drama Action,King Kong#Exodus: Gods and Kings#The Huntsman: Winter's War#Gladiator
1250,Ghost Rider,http://dbpedia.org/resource/Ghost_Rider_(2007_film),Thriller Action Fantasy Horror,Mission: Impossible (film)
324668,Jason Bourne,http://dbpedia.org/resource/Jason_Bourne_(film),Action Thriller,The Bourne Legacy#Live Free or Die Hard#True Lies
9471,Charlie's Angels: Full Throttle,http://dbpedia.org/resource/Charlie%27s_Angels:_Full_Throttle,Action Adventure Comedy,Around the World in 80 Days
70981,Prometheus,http://dbpedia.org/resource/Prometheus_(2012_film),Science Fiction Adventure Mystery,Exodus: Gods and Kings#Kingdom of Heaven#The Martian#Gladiator#American Gangster
10996,Stuart Little 2,http://dbpedia.org/resource/Stuart_Little_2,Family Adventure Animation Comedy,Cars 2#Up#Wreck-It Ralph#Bolt#Bee Movie#Flushed Away#Penguins of Madagascar#Kung Fu Panda#Rio 2
68724,Elysium,http://dbpedia.org/resource/Elysium_(film),Science Fiction Action Drama Thriller,Dawn of the Planet of the Apes
2789,The Chronicles of Riddick,http://dbpedia.org/resource/The_Chronicles_of_Riddick,Action Science Fiction,Edge of Tomorrow#RoboCop
97020,RoboCop,http://dbpedia.org/resource/RoboCop,Action Science Fiction,Edge of Tomorrow#The Chronicles of Riddick
7459,Speed Racer,http://dbpedia.org/resource/Speed_Racer_(film),Action Family Science Fiction,Jupiter Ascending
42888,How Do You Know,http://dbpedia.org/resource/How_Do_You_Know,Comedy Drama Romance,
37834,Knight and Day,http://dbpedia.org/resource/Knight_and_Day,Action Comedy,The Wolverine#Star Wars: Episode I - The Phantom Menace
75612,Oblivion,http://dbpedia.org/resource/Oblivion_(2013_film),Action Science Fiction Adventure Mystery,TRON: Legacy
1895,Star Wars: Episode III - Revenge of the Sith,http://dbpedia.org/resource/Star_Wars:_Episode_III_-_Revenge_of_the_Sith,Science Fiction Adventure Action,Total Recall#Star Wars: Episode II - Attack of the Clones#Star Wars: Episode I - The Phantom Menace#Ender's Game
1894,Star Wars: Episode II - Attack of the Clones,http://dbpedia.org/resource/Star_Wars:_Episode_II_-_Attack_of_the_Clones,Adventure Action Science Fiction,Total Recall#Star Wars: Episode III - Revenge of the Sith#Star Wars: Episode I - The Phantom Menace#Ender's Game
76170,The Wolverine,http://dbpedia.org/resource/The_Wolverine_(film),Action Science Fiction Adventure Fantasy,Avatar#Superman Returns#Man of Steel#X-Men: Days of Future Past#Jupiter Ascending
1893,Star Wars: Episode I - The Phantom Menace,http://dbpedia.org/resource/Star_Wars:_Episode_I_-_The_Phantom_Menace,Adventure Action Science Fiction,Total Recall#Star Wars: Episode III - Revenge of the Sith#Star Wars: Episode II - Attack of the Clones#Ender's Game
49519,The Croods,http://dbpedia.org/resource/The_Croods,Adventure Animation Comedy Family Fantasy,Shrek Forever After#Shrek the Third#The Smurfs#The Emperor's New Groove
2395,Asterix at the Olympic Games,http://dbpedia.org/resource/Asterix_at_the_Olympic_Games_(film),Fantasy Adventure Comedy Family,Night at the Museum: Secret of the Tomb
12100,Windtalkers,http://dbpedia.org/resource/Windtalkers,Drama Action History War,The Last Samurai#The Patriot
290595,The Huntsman: Winter's War,http://dbpedia.org/resource/The_Huntsman:_Winter%27s_War,Action Adventure Drama,King Kong#Exodus: Gods and Kings#Life of Pi#Gladiator
98566,Teenage Mutant Ninja Turtles,http://dbpedia.org/resource/Teenage_Mutant_Ninja_Turtles,Adventure Action Fantasy Comedy,Teenage Mutant Ninja Turtles: Out of the Shadows
49047,Gravity,http://dbpedia.org/resource/Gravity_(2013_film),Science Fiction Thriller Drama,Mission: Impossible (film)
9619,Dante's Peak,http://dbpedia.org/resource/Dante%27s_Peak,Action Adventure Thriller,Quantum of Solace#Skyfall#Mission: Impossible - Rogue Nation#Mission: Impossible III#Die Another Day#The World Is Not Enough#Mission: Impossible II#Tomorrow Never Dies#Speed 2: Cruise Control#Casino Royale#The Expendables 2#Mission: Impossible - Ghost Protocol#Mission: Impossible (film)
308531,Teenage Mutant Ninja Turtles: Out of the Shadows,http://dbpedia.org/resource/Teenage_Mutant_Ninja_Turtles:_Out_of_the_Shadows,Action Adventure Fantasy Comedy,Teenage Mutant Ninja Turtles
166424,Fantastic Four,http://dbpedia.org/resource/Fantastic_Four_(2005_film),Adventure Fantasy Action Thriller,Fantastic 4: Rise of the Silver Surfer
1593,Night at the Museum,http://dbpedia.org/resource/Night_at_the_Museum,Action Adventure Comedy Family Fantasy,Night at the Museum: Battle of the Smithsonian
254128,San Andreas,http://dbpedia.org/resource/San_Andreas_(film),Action Drama Thriller,White House Down#Blood Diamond
714,Tomorrow Never Dies,http://dbpedia.org/resource/Tomorrow_Never_Dies,Adventure Action Thriller,Quantum of Solace#Skyfall#Mission: Impossible - Rogue Nation#Mission: Impossible III#Die Another Day#The World Is Not Enough#Mission: Impossible II#Dante's Peak#Speed 2: Cruise Control#Casino Royale#The Expendables 2#Mission: Impossible - Ghost Protocol#Mission: Impossible (film)
2024,The Patriot,http://dbpedia.org/resource/The_Patriot_(2000_film),Drama History War Action,The Last Samurai#Windtalkers
163,Ocean's Twelve,http://dbpedia.org/resource/Ocean%27s_Twelve,Thriller Action Adventure Comedy Crime,Lethal Weapon 4#Bad Boys II
787,Mr. & Mrs. Smith,http://dbpedia.org/resource/Mr._%26_Mrs._Smith_(2005_film),Action Comedy Drama Thriller,Edge of Tomorrow
262500,Insurgent,http://dbpedia.org/resource/The_Divergent_Series:_Insurgent,Adventure Science Fiction Thriller,Allegiant
2567,The Aviator,http://dbpedia.org/resource/The_Aviator_(2004_film),Drama,Australia#The Perfect Storm#Ali
38745,Gulliver's Travels,http://dbpedia.org/resource/Gulliver%27s_Travels_(2010_film),Comedy,Fun with Dick and Jane
40805,The Green Hornet,http://dbpedia.org/resource/The_Green_Hornet_(2011_film),Action Crime Comedy,The Other Guys
53182,300: Rise of an Empire,http://dbpedia.org/resource/300:_Rise_of_an_Empire,Action War,The Chronicles of Narnia: Prince Caspian#Wreck-It Ralph#Penguins of Madagascar#Total Recall#The Perfect Storm#The Aviator
41513,The Smurfs,http://dbpedia.org/resource/The_Smurfs_(film),Animation Family Adventure Comedy Fantasy,Shrek Forever After#Shrek the Third#The Croods#The Emperor's New Groove
13700,Home on the Range,http://dbpedia.org/resource/Home_on_the_Range_(2004_film),Animation Family,Tangled#Monsters University#WALLÃ‚Â·E#Madagascar: Escape 2 Africa#Kung Fu Panda 2#Madagascar 3: Europe's Most Wanted#Turbo#Dinosaur
262504,Allegiant,http://dbpedia.org/resource/The_Divergent_Series:_Allegiant,Adventure Science Fiction Thriller,Insurgent
39254,Real Steel,http://dbpedia.org/resource/Real_Steel,Action Science Fiction Drama,Hulk
77931,The Smurfs 2,http://dbpedia.org/resource/The_Smurfs_2,Fantasy Family Comedy Animation,Ratatouille#Stuart Little
1639,Speed 2: Cruise Control,http://dbpedia.org/resource/Speed_2:_Cruise_Control,Action Adventure Thriller,Quantum of Solace#Skyfall#Mission: Impossible - Rogue Nation#Mission: Impossible III#Die Another Day#The World Is Not Enough#Mission: Impossible II#Dante's Peak#Tomorrow Never Dies#Casino Royale#The Expendables 2#Mission: Impossible - Ghost Protocol#Mission: Impossible (film)
80274,Ender's Game,http://dbpedia.org/resource/Ender%27s_Game,Science Fiction Action Adventure,Total Recall#Star Wars: Episode III - Revenge of the Sith#Star Wars: Episode II - Attack of the Clones#Star Wars: Episode I - The Phantom Menace
1571,Live Free or Die Hard,http://dbpedia.org/resource/Live_Free_or_Die_Hard,Action Thriller,The Bourne Legacy#Jason Bourne#True Lies
120,The Lord of the Rings: The Fellowship of the Ring,http://dbpedia.org/resource/The_Lord_of_the_Rings:_The_Fellowship_of_the_Ring,Adventure Fantasy Action,The Hobbit: The Battle of the Five Armies#The Hobbit: An Unexpected Journey
10204,Around the World in 80 Days,http://dbpedia.org/resource/Around_the_World_in_80_Days_(2004_film),Action Adventure Comedy,Charlie's Angels: Full Throttle
8489,Ali,http://dbpedia.org/resource/Ali_(film),Drama,Australia#The Perfect Storm#The Aviator
10588,The Cat in the Hat,http://dbpedia.org/resource/The_Cat_in_the_Hat_(film),Comedy Fantasy Family,Evan Almighty#How the Grinch Stole Christmas
1495,Kingdom of Heaven,http://dbpedia.org/resource/Kingdom_of_Heaven_(film),Drama Action Adventure History War,Exodus: Gods and Kings#Prometheus#The Martian#Gladiator#American Gangster
10137,Stuart Little,http://dbpedia.org/resource/Stuart_Little_(film),Animation Fantasy Family Comedy,Ratatouille#The Smurfs 2
10198,The Princess and the Frog,http://dbpedia.org/resource/The_Princess_and_the_Frog,Romance Family Animation Music,Wreck-It Ralph
286217,The Martian,http://dbpedia.org/resource/The_Martian_(film),Drama Adventure Science Fiction,Interstellar
1635,The Island,http://dbpedia.org/resource/The_Island_(2006_film),Action Thriller Science Fiction Adventure,Battleship#Jurassic World#Green Lantern#G.I. Joe: The Rise of Cobrav#The Hunger Games: Mockingjay - Part 2#Terminator Genisys#X-Men Origins: Wolverine#The Matrix Revolutions#The Matrix Reloaded#Mad Max: Fury Road#Armageddon#G.I. Joe: Retaliation#The Hunger Games: Catching Fire#The Hunger Games: Mockingjay - Part 1#X2#The Day After Tomorrow#Planet of the Apes
9679,Gone in Sixty Seconds,http://dbpedia.org/resource/Gone_in_60_Seconds_(2000_film),Action Crime Thriller,The Fast and the Furious#Fast Five
98,Gladiator,http://dbpedia.org/resource/Gladiator_(2000_film),Action Drama Adventure,Exodus: Gods and Kings
180,Minority Report,http://dbpedia.org/resource/Minority_Report_(film),Action Thriller Science Fiction Mystery,Indiana Jones and the Kingdom of the Crystal Skull#The BFG#War of the Worlds
672,Harry Potter and the Chamber of Secrets,http://dbpedia.org/resource/Harry_Potter_and_the_Chamber_of_Secrets,Adventure Fantasy Family,Harry Potter and the Philosopher's Stone
36557,Casino Royale,http://dbpedia.org/page/Casino_Royale_(1967_film),Adventure Action Thriller,Quantum of Solace#Skyfall#Mission: Impossible - Rogue Nation#Mission: Impossible III#Die Another Day#The World Is Not Enough#Mission: Impossible II#Dante's Peak#Tomorrow Never Dies#Speed 2: Cruise Control#The Expendables 2#Mission: Impossible - Ghost Protocol#Mission: Impossible (film)
869,Planet of the Apes,http://dbpedia.org/resource/Planet_of_the_Apes_(2001_film),Thriller Science Fiction Action Adventure,Battleship#Jurassic World#Green Lantern#G.I. Joe: The Rise of Cobrav#The Hunger Games: Mockingjay - Part 2#Terminator Genisys#X-Men Origins: Wolverine#The Matrix Revolutions#The Matrix Reloaded#Mad Max: Fury Road#Armageddon#G.I. Joe: Retaliation#The Hunger Games: Catching Fire#The Hunger Games: Mockingjay - Part 1#X2#The Day After Tomorrow#The Island
280,Terminator 2: Judgment Day,http://dbpedia.org/resource/Terminator_2:_Judgment_Day,Action Thriller Science Fiction,Terminator Salvation#Terminator 3: Rise of the Machines
11322,Public Enemies,http://dbpedia.org/resource/Public_Enemies_(2009_film),History Crime Drama,Ali
4982,American Gangster,http://dbpedia.org/resource/American_Gangster_(film),Drama Crime,Exodus: Gods and Kings#Prometheus#Kingdom of Heaven#The Martian#Gladiator
36955,True Lies,http://dbpedia.org/resource/True_Lies,Action Thriller,The Bourne Legacy#Jason Bourne#Live Free or Die Hard
18487,The Taking of Pelham 1 2 3,http://dbpedia.org/resource/The_Taking_of_Pelham_123_(2009_film),Thriller Drama Crime,The Perfect Storm#Stuart Little
39451,Little Fockers,http://dbpedia.org/resource/Little_Fockers,Comedy Romance,The Chronicles of Narnia: Prince Caspian#Penguins of Madagascar
27581,The Other Guys,http://dbpedia.org/resource/The_Other_Guys,Action Comedy Crime,The Green Hornet
9268,Eraser,http://dbpedia.org/resource/Eraser_(film),Action Drama Mystery Thriller,The Bourne Ultimatum
68718,Django Unchained,http://dbpedia.org/resource/Django_Unchained,Drama Western,The Amazing Spider-Man 2#Penguins of Madagascar#Total Recall#The Perfect Storm#The Aviator
10545,The Hunchback of Notre Dame,http://dbpedia.org/resource/The_Hunchback_of_Notre_Dame_(1996_film),Drama Animation Family,The Amazing Spider-Man 2#Mr. Peabody & Sherman#Penguins of Madagascar#The Perfect Storm
11688,The Emperor's New Groove,http://dbpedia.org/resource/The_Emperor%27s_New_Groove,Adventure Animation Comedy Family Fantasy,Shrek Forever After#Shrek the Third#The Croods#The Smurfs
76163,The Expendables 2,http://dbpedia.org/resource/The_Expendables_2,Action Adventure Thriller,Quantum of Solace#Skyfall#Mission: Impossible - Rogue Nation#Mission: Impossible III#Die Another Day#The World Is Not Enough#Mission: Impossible II#Dante's Peak#Tomorrow Never Dies#Speed 2: Cruise Control#Casino Royale#Mission: Impossible - Ghost Protocol#Mission: Impossible (film)
2059,National Treasure,http://dbpedia.org/resource/National_Treasure_(film),Adventure Action Thriller Mystery,The Sorcerer's Apprentice
2486,Eragon,http://dbpedia.org/resource/Eragon_(film),Fantasy Action Adventure Family,The Last Airbender
16523,Where the Wild Things Are,http://dbpedia.org/resource/Where_the_Wild_Things_Are_(film),Family Fantasy,Wreck-It Ralph#Mission: Impossible III#The Aviator
116711,Epic,http://dbpedia.org/resource/Epic_(2013_film),Animation Adventure Family Fantasy,The Polar Express#How to Train Your Dragon
37710,The Tourist,http://dbpedia.org/resource/The_Tourist_(2010_film),Action Thriller Romance,Penguins of Madagascar
9946,End of Days,http://dbpedia.org/resource/End_of_Days_(film),Action Fantasy Horror Mystery,Wreck-It Ralph#Mission: Impossible III#White House Down#The Perfect Storm#How Do You Know#The Aviator#Casino Royale
1372,Blood Diamond,http://dbpedia.org/resource/Blood_Diamond_(film),Drama Thriller Action,White House Down#San Andreas
106646,The Wolf of Wall Street,http://dbpedia.org/resource/The_Wolf_of_Wall_Street_(2013_film),Crime Drama Comedy,Hugo#The Aviator
414,Batman Forever,http://dbpedia.org/resource/Batman_Forever,Action Crime Fantasy,Batman & Robin
56292,Mission: Impossible - Ghost Protocol,http://dbpedia.org/resource/Mission:_Impossible_-_Ghost_Protocol,Action Thriller Adventure,Mission: Impossible (film)
123,Mission: Impossible (film),http://dbpedia.org/resource/Mission:_Impossible_(film),Action Thriller Adventure,Quantum of Solace#Skyfall#Mission: Impossible - Rogue Nation#Mission: Impossible III#Die Another Day#The World Is Not Enough#Mission: Impossible II#Dante's Peak#Tomorrow Never Dies#Speed 2: Cruise Control#Casino Royale#The Expendables 2#Mission: Impossible - Ghost Protocol
